# --------------------------------------------------
# nrow : 1
# ncol : 752
# comment : Results for station 138001, cov-ref.
# time_generated : 2025-10-01 15:20:18
# author : ler015
# source_file : C:\Users\ler015\Code\covariate_paper\scripts\manuscript\M040_FIGE_freq_plots_one_site.py
# work_dir : C:\Users\ler015\Code\pycoffi
# python_environment nt
# python_version : 3.10.6 | packaged by conda-forge | (main, Aug 22 2022, 20:29:51) [MSC v.1929 64 bit (AMD64)]
# pandas_version : 2.2.1
# numpy_version : 1.26.4
# python_inc : C:\Users\ler015\Anaconda3\envs\env_nriv_v8\include
# python_lib : C:\Users\ler015\Anaconda3\envs\env_nriv_v8\Lib\site-packages
# --------------------------------------------------
taskid,stationid,variable,xvperid,nvalid,obs_type,fit_version,data_version,marginal_name,covariate,xv_length,cens_prob_thresh_obs,cens_prob_thresh_cov,copula_name,prior,timeperiod,clip_to_obs,batch,xvperstat_obs_rk2,xvperstat_obs_rk1,xvperstat_obs_rk1_rk2_logratio,xvperstat_obs_max,xvperstat_obs_std,xvperstat_obs_logstd,xvperstat_obs_max_rk1_logratio,sampler_name,stan_seed,stan_diag_message,stan_diag_treedepth,stan_diag_divergence_proportion,stan_diag_divergence,stan_diag_ebfmi,stan_diag_effsamplesz,stan_diag_rhat,sampler_success,param_ylocn_mean,param_ylocn_std,param_ylogscale_mean,param_ylogscale_std,param_yshape1_mean,param_yshape1_std,kendalltau_obs_vs_covariate,param_ylocn_q5,param_ylocn_q95,param_ylocn_ci90,param_ylocn_postpred,param_ylocn_skew,param_ylogscale_q5,param_ylogscale_q95,param_ylogscale_ci90,param_ylogscale_postpred,param_ylogscale_skew,param_yshape1_q5,param_yshape1_q95,param_yshape1_ci90,param_yshape1_postpred,param_yshape1_skew,obs_ari5_shapiropvallog10,obs_ari5_meanlog,obs_ari5_stdlog,obs_ari5_skewlog,obs_ari5_shapirologpvallog10,obs_ari5_lhmom,obs_ari5_mean,obs_ari5_q5,obs_ari5_q95,obs_ari5_ci90,obs_ari5_postpred,obs_ari5_std,obs_ari5_skew,obs_ari10_shapiropvallog10,obs_ari10_meanlog,obs_ari10_stdlog,obs_ari10_skewlog,obs_ari10_shapirologpvallog10,obs_ari10_lhmom,obs_ari10_mean,obs_ari10_q5,obs_ari10_q95,obs_ari10_ci90,obs_ari10_postpred,obs_ari10_std,obs_ari10_skew,obs_ari20_shapiropvallog10,obs_ari20_meanlog,obs_ari20_stdlog,obs_ari20_skewlog,obs_ari20_shapirologpvallog10,obs_ari20_lhmom,obs_ari20_mean,obs_ari20_q5,obs_ari20_q95,obs_ari20_ci90,obs_ari20_postpred,obs_ari20_std,obs_ari20_skew,obs_ari50_shapiropvallog10,obs_ari50_meanlog,obs_ari50_stdlog,obs_ari50_skewlog,obs_ari50_shapirologpvallog10,obs_ari50_lhmom,obs_ari50_mean,obs_ari50_q5,obs_ari50_q95,obs_ari50_ci90,obs_ari50_postpred,obs_ari50_std,obs_ari50_skew,obs_ari70_shapiropvallog10,obs_ari70_meanlog,obs_ari70_stdlog,obs_ari70_skewlog,obs_ari70_shapirologpvallog10,obs_ari70_lhmom,obs_ari70_mean,obs_ari70_q5,obs_ari70_q95,obs_ari70_ci90,obs_ari70_postpred,obs_ari70_std,obs_ari70_skew,obs_ari100_shapiropvallog10,obs_ari100_meanlog,obs_ari100_stdlog,obs_ari100_skewlog,obs_ari100_shapirologpvallog10,obs_ari100_lhmom,obs_ari100_mean,obs_ari100_q5,obs_ari100_q95,obs_ari100_ci90,obs_ari100_postpred,obs_ari100_std,obs_ari100_skew,obs_ari150_shapiropvallog10,obs_ari150_meanlog,obs_ari150_stdlog,obs_ari150_skewlog,obs_ari150_shapirologpvallog10,obs_ari150_lhmom,obs_ari150_mean,obs_ari150_q5,obs_ari150_q95,obs_ari150_ci90,obs_ari150_postpred,obs_ari150_std,obs_ari150_skew,obs_ari200_shapiropvallog10,obs_ari200_meanlog,obs_ari200_stdlog,obs_ari200_skewlog,obs_ari200_shapirologpvallog10,obs_ari200_lhmom,obs_ari200_mean,obs_ari200_q5,obs_ari200_q95,obs_ari200_ci90,obs_ari200_postpred,obs_ari200_std,obs_ari200_skew,obs_ari300_shapiropvallog10,obs_ari300_meanlog,obs_ari300_stdlog,obs_ari300_skewlog,obs_ari300_shapirologpvallog10,obs_ari300_lhmom,obs_ari300_mean,obs_ari300_q5,obs_ari300_q95,obs_ari300_ci90,obs_ari300_postpred,obs_ari300_std,obs_ari300_skew,obs_ari500_shapiropvallog10,obs_ari500_meanlog,obs_ari500_stdlog,obs_ari500_skewlog,obs_ari500_shapirologpvallog10,obs_ari500_lhmom,obs_ari500_mean,obs_ari500_q5,obs_ari500_q95,obs_ari500_ci90,obs_ari500_postpred,obs_ari500_std,obs_ari500_skew,obs_ari700_shapiropvallog10,obs_ari700_meanlog,obs_ari700_stdlog,obs_ari700_skewlog,obs_ari700_shapirologpvallog10,obs_ari700_lhmom,obs_ari700_mean,obs_ari700_q5,obs_ari700_q95,obs_ari700_ci90,obs_ari700_postpred,obs_ari700_std,obs_ari700_skew,obs_ari1000_shapiropvallog10,obs_ari1000_meanlog,obs_ari1000_stdlog,obs_ari1000_skewlog,obs_ari1000_shapirologpvallog10,obs_ari1000_lhmom,obs_ari1000_mean,obs_ari1000_q5,obs_ari1000_q95,obs_ari1000_ci90,obs_ari1000_postpred,obs_ari1000_std,obs_ari1000_skew,obs_xvmax_value,obs_xvmax_year,obs_datamax_value,obs_datamax_year,obs_datamax_xvmaxlogdiff,obs_datamax_isinxv,obs_1937_value,obs_1983_value,obs_2003_value,obs_2019_value,obs_2020_value,obs_1932_value,obs_1941_value,obs_1942_value,obs_1944_value,obs_2009_value,obs_ari2_shapiropvallog10,obs_ari2_meanlog,obs_ari2_stdlog,obs_ari2_skewlog,obs_ari2_shapirologpvallog10,obs_ari2_lhmom,obs_ari2_mean,obs_ari2_q5,obs_ari2_q95,obs_ari2_ci90,obs_ari2_postpred,obs_ari2_std,obs_ari2_skew,obs_1950_value,obs_1972_value,obs_1976_value,obs_1986_value,obs_1989_value,obs_1933_value,obs_2022_value,obs_1965_value,obs_2016_value,obs_1953_value,obs_1961_value,obs_1981_value,obs_1987_value,obs_2013_value,obs_1934_value,obs_1973_value,obs_1979_value,obs_ari1_4_shapiropvallog10,obs_ari1_4_meanlog,obs_ari1_4_stdlog,obs_ari1_4_skewlog,obs_ari1_4_shapirologpvallog10,obs_ari1_4_lhmom,obs_ari1_4_mean,obs_ari1_4_q5,obs_ari1_4_q95,obs_ari1_4_ci90,obs_ari1_4_postpred,obs_ari1_4_std,obs_ari1_4_skew,obs_ari1_6_shapiropvallog10,obs_ari1_6_meanlog,obs_ari1_6_stdlog,obs_ari1_6_skewlog,obs_ari1_6_shapirologpvallog10,obs_ari1_6_lhmom,obs_ari1_6_mean,obs_ari1_6_q5,obs_ari1_6_q95,obs_ari1_6_ci90,obs_ari1_6_postpred,obs_ari1_6_std,obs_ari1_6_skew,obs_ari1_8_shapiropvallog10,obs_ari1_8_meanlog,obs_ari1_8_stdlog,obs_ari1_8_skewlog,obs_ari1_8_shapirologpvallog10,obs_ari1_8_lhmom,obs_ari1_8_mean,obs_ari1_8_q5,obs_ari1_8_q95,obs_ari1_8_ci90,obs_ari1_8_postpred,obs_ari1_8_std,obs_ari1_8_skew,obs_1939_value,obs_1945_value,obs_1948_value,obs_1955_value,obs_1926_value,obs_1929_value,obs_2001_value,obs_2005_value,obs_1947_value,obs_1957_value,obs_2000_value,obs_2006_value,obs_1960_value,obs_2004_value,obs_2010_value,obs_2012_value,obs_1969_value,obs_1954_value,obs_1990_value,obs_1995_value,obs_2008_value,obs_1963_value,obs_1993_value,obs_1998_value,obs_1959_value,obs_1971_value,obs_2007_value,obs_2014_value,obs_2021_value,obs_1938_value,obs_1996_value,obs_1928_value,obs_1951_value,obs_1970_value,obs_2018_value,obs_1956_value,obs_1992_value,obs_1958_value,obs_1968_value,obs_1925_value,obs_1940_value,obs_1949_value,obs_1974_value,obs_1964_value,obs_2011_value,obs_1936_value,obs_1984_value,obs_1988_value,obs_1946_value,obs_1935_value,obs_1991_value,obs_1977_value,obs_1930_value,obs_1952_value,obs_1997_value,obs_1999_value,obs_1978_value,obs_2002_value,obs_1966_value,obs_1931_value,obs_1980_value,obs_1975_value,obs_ari1_2_shapiropvallog10,obs_ari1_2_meanlog,obs_ari1_2_stdlog,obs_ari1_2_skewlog,obs_ari1_2_shapirologpvallog10,obs_ari1_2_lhmom,obs_ari1_2_mean,obs_ari1_2_q5,obs_ari1_2_q95,obs_ari1_2_ci90,obs_ari1_2_postpred,obs_ari1_2_std,obs_ari1_2_skew,obs_1994_value,obs_1985_value,obs_2015_value,obs_ari1_1_shapiropvallog10,obs_ari1_1_meanlog,obs_ari1_1_stdlog,obs_ari1_1_skewlog,obs_ari1_1_shapirologpvallog10,obs_ari1_1_lhmom,obs_ari1_1_mean,obs_ari1_1_q5,obs_ari1_1_q95,obs_ari1_1_ci90,obs_ari1_1_postpred,obs_ari1_1_std,obs_ari1_1_skew,obs_1982_value,obs_2017_value,obs_1967_value,obs_1962_value,obs_1943_value,obs_2023_value,obs_1927_value,param_zlocn_mean,param_zlocn_std,param_zlogscale_mean,param_zlogscale_std,param_zshape1_mean,param_zshape1_std,param_rho_mean,param_rho_std,param_zlocn_q5,param_zlocn_q95,param_zlocn_ci90,param_zlocn_postpred,param_zlocn_skew,param_zlogscale_q5,param_zlogscale_q95,param_zlogscale_ci90,param_zlogscale_postpred,param_zlogscale_skew,param_zshape1_q5,param_zshape1_q95,param_zshape1_ci90,param_zshape1_postpred,param_zshape1_skew,cov_ari1_2_mean,cov_ari1_2_q5,cov_ari1_2_q95,cov_ari1_2_ci90,cov_ari1_2_postpred,cov_ari1_2_std,cov_ari1_2_skew,cov_ari1_4_mean,cov_ari1_4_q5,cov_ari1_4_q95,cov_ari1_4_ci90,cov_ari1_4_postpred,cov_ari1_4_std,cov_ari1_4_skew,cov_ari1_6_mean,cov_ari1_6_q5,cov_ari1_6_q95,cov_ari1_6_ci90,cov_ari1_6_postpred,cov_ari1_6_std,cov_ari1_6_skew,cov_ari1_8_mean,cov_ari1_8_q5,cov_ari1_8_q95,cov_ari1_8_ci90,cov_ari1_8_postpred,cov_ari1_8_std,cov_ari1_8_skew,cov_ari2_mean,cov_ari2_q5,cov_ari2_q95,cov_ari2_ci90,cov_ari2_postpred,cov_ari2_std,cov_ari2_skew,cov_ari5_mean,cov_ari5_q5,cov_ari5_q95,cov_ari5_ci90,cov_ari5_postpred,cov_ari5_std,cov_ari5_skew,cov_ari10_mean,cov_ari10_q5,cov_ari10_q95,cov_ari10_ci90,cov_ari10_postpred,cov_ari10_std,cov_ari10_skew,cov_ari20_mean,cov_ari20_q5,cov_ari20_q95,cov_ari20_ci90,cov_ari20_postpred,cov_ari20_std,cov_ari20_skew,cov_ari50_mean,cov_ari50_q5,cov_ari50_q95,cov_ari50_ci90,cov_ari50_postpred,cov_ari50_std,cov_ari50_skew,cov_ari70_mean,cov_ari70_q5,cov_ari70_q95,cov_ari70_ci90,cov_ari70_postpred,cov_ari70_std,cov_ari70_skew,cov_ari100_mean,cov_ari100_q5,cov_ari100_q95,cov_ari100_ci90,cov_ari100_postpred,cov_ari100_std,cov_ari100_skew,cov_ari150_mean,cov_ari150_q5,cov_ari150_q95,cov_ari150_ci90,cov_ari150_postpred,cov_ari150_std,cov_ari150_skew,cov_ari200_mean,cov_ari200_q5,cov_ari200_q95,cov_ari200_ci90,cov_ari200_postpred,cov_ari200_std,cov_ari200_skew,cov_ari300_mean,cov_ari300_q5,cov_ari300_q95,cov_ari300_ci90,cov_ari300_postpred,cov_ari300_std,cov_ari300_skew,cov_ari500_mean,cov_ari500_q5,cov_ari500_q95,cov_ari500_ci90,cov_ari500_postpred,cov_ari500_std,cov_ari500_skew,cov_ari700_mean,cov_ari700_q5,cov_ari700_q95,cov_ari700_ci90,cov_ari700_postpred,cov_ari700_std,cov_ari700_skew,cov_ari1000_mean,cov_ari1000_q5,cov_ari1000_q95,cov_ari1000_ci90,cov_ari1000_postpred,cov_ari1000_std,cov_ari1000_skew,postpredcheck_obs_pvalue_lcoeffvar2,postpredcheck_obs_pvalue_lskewness2,postpredcheck_obs_pvalue_lkurtosis2,postpredcheck_obs_pvalue_percentile_q50,postpredcheck_obs_pvalue_percentile_q75,postpredcheck_obs_pvalue_percentile_q90,postpredcheck_obs_pvalue_percentile_q95,postpredcheck_obs_pvaluediscr_lcoeffvar2,postpredcheck_obs_pvaluediscr_lskewness2,postpredcheck_obs_pvaluediscr_lkurtosis2,postpredcheck_obs_pvaluediscr_percentile_q50,postpredcheck_obs_pvaluediscr_percentile_q75,postpredcheck_obs_pvaluediscr_percentile_q90,postpredcheck_obs_pvaluediscr_percentile_q95,postpredcheck_obs_simdiff_lcoeffvar2,postpredcheck_obs_simdiff_lskewness2,postpredcheck_obs_simdiff_lkurtosis2,postpredcheck_obs_simdiff_percentile_q50,postpredcheck_obs_simdiff_percentile_q75,postpredcheck_obs_simdiff_percentile_q90,postpredcheck_obs_simdiff_percentile_q95,postpredcheck_obs_zscore_lcoeffvar2,postpredcheck_obs_zscore_lskewness2,postpredcheck_obs_zscore_lkurtosis2,postpredcheck_obs_zscore_percentile_q50,postpredcheck_obs_zscore_percentile_q75,postpredcheck_obs_zscore_percentile_q90,postpredcheck_obs_zscore_percentile_q95,postpredcheck_cov_pvalue_lcoeffvar2,postpredcheck_cov_pvalue_lskewness2,postpredcheck_cov_pvalue_lkurtosis2,postpredcheck_cov_pvalue_percentile_q50,postpredcheck_cov_pvalue_percentile_q75,postpredcheck_cov_pvalue_percentile_q90,postpredcheck_cov_pvalue_percentile_q95,postpredcheck_cov_pvaluediscr_lcoeffvar2,postpredcheck_cov_pvaluediscr_lskewness2,postpredcheck_cov_pvaluediscr_lkurtosis2,postpredcheck_cov_pvaluediscr_percentile_q50,postpredcheck_cov_pvaluediscr_percentile_q75,postpredcheck_cov_pvaluediscr_percentile_q90,postpredcheck_cov_pvaluediscr_percentile_q95,postpredcheck_cov_simdiff_lcoeffvar2,postpredcheck_cov_simdiff_lskewness2,postpredcheck_cov_simdiff_lkurtosis2,postpredcheck_cov_simdiff_percentile_q50,postpredcheck_cov_simdiff_percentile_q75,postpredcheck_cov_simdiff_percentile_q90,postpredcheck_cov_simdiff_percentile_q95,postpredcheck_cov_zscore_lcoeffvar2,postpredcheck_cov_zscore_lskewness2,postpredcheck_cov_zscore_lkurtosis2,postpredcheck_cov_zscore_percentile_q50,postpredcheck_cov_zscore_percentile_q75,postpredcheck_cov_zscore_percentile_q90,postpredcheck_cov_zscore_percentile_q95,postpredcheck_dep_pvalue_kendalltau,postpredcheck_dep_pvalue_kendalltauhigh,postpredcheck_dep_pvalue_tailcoeff_q50,postpredcheck_dep_pvalue_tailcoeff_q75,postpredcheck_dep_pvalue_tailcoeff_q90,postpredcheck_dep_pvalue_tailcoeff_q95,postpredcheck_dep_pvaluediscr_kendalltau,postpredcheck_dep_pvaluediscr_kendalltauhigh,postpredcheck_dep_pvaluediscr_tailcoeff_q50,postpredcheck_dep_pvaluediscr_tailcoeff_q75,postpredcheck_dep_pvaluediscr_tailcoeff_q90,postpredcheck_dep_pvaluediscr_tailcoeff_q95,postpredcheck_dep_simdiff_kendalltau,postpredcheck_dep_simdiff_kendalltauhigh,postpredcheck_dep_simdiff_tailcoeff_q50,postpredcheck_dep_simdiff_tailcoeff_q75,postpredcheck_dep_simdiff_tailcoeff_q90,postpredcheck_dep_simdiff_tailcoeff_q95,postpredcheck_dep_zscore_kendalltau,postpredcheck_dep_zscore_kendalltauhigh,postpredcheck_dep_zscore_tailcoeff_q50,postpredcheck_dep_zscore_tailcoeff_q75,postpredcheck_dep_zscore_tailcoeff_q90,postpredcheck_dep_zscore_tailcoeff_q95,cov_1911_value,cov_1912_value,cov_1913_value,cov_1914_value,cov_1915_value,cov_1916_value,cov_1917_value,cov_1918_value,cov_1919_value,cov_1920_value,cov_1921_value,cov_1922_value,cov_1923_value,cov_1924_value,cov_1925_value,cov_1926_value,cov_1927_value,cov_1928_value,cov_1929_value,cov_1930_value,cov_1931_value,cov_1932_value,cov_1933_value,cov_1934_value,cov_1935_value,cov_1936_value,cov_1937_value,cov_1938_value,cov_1939_value,cov_1940_value,cov_1941_value,cov_1942_value,cov_1943_value,cov_1944_value,cov_1945_value,cov_1946_value,cov_1947_value,cov_1948_value,cov_1949_value,cov_1950_value,cov_1951_value,cov_1952_value,cov_1953_value,cov_1954_value,cov_1955_value,cov_1956_value,cov_1957_value,cov_1958_value,cov_1959_value,cov_1960_value,cov_1961_value,cov_1962_value,cov_1963_value,cov_1964_value,cov_1965_value,cov_1966_value,cov_1967_value,cov_1968_value,cov_1969_value,cov_1970_value,cov_1971_value,cov_1972_value,cov_1973_value,cov_1974_value,cov_1975_value,cov_1976_value,cov_1977_value,cov_1978_value,cov_1979_value,cov_1980_value,cov_1981_value,cov_1982_value,cov_1983_value,cov_1984_value,cov_1985_value,cov_1986_value,cov_1987_value,cov_1988_value,cov_1989_value,cov_1990_value,cov_1991_value,cov_1992_value,cov_1993_value,cov_1994_value,cov_1995_value,cov_1996_value,cov_1997_value,cov_1998_value,cov_1999_value,cov_2000_value,cov_2001_value,cov_2002_value,cov_2003_value,cov_2004_value,cov_2005_value,cov_2006_value,cov_2007_value,cov_2008_value,cov_2009_value,cov_2010_value,cov_2011_value,cov_2012_value,cov_2013_value,cov_2014_value,cov_2015_value,cov_2016_value,cov_2017_value,cov_2018_value,cov_2019_value,cov_2020_value,cov_2021_value,cov_2022_value,cov_2023_value,cov_ari1_1_mean,cov_ari1_1_q5,cov_ari1_1_q95,cov_ari1_1_ci90,cov_ari1_1_postpred,cov_ari1_1_std,cov_ari1_1_skew,obs_1911_value,obs_1912_value,obs_1913_value,obs_1914_value,obs_1915_value,obs_1916_value,obs_1917_value,obs_1918_value,obs_1919_value,obs_1920_value,obs_1921_value,obs_1922_value,obs_1923_value,obs_1924_value
322,138001,STREAMFLOW_DAILYMAX_9AM,XVP_ALL,109,obs,7.30000,5.00000,GEV,QTOT_AWRAL_MEAN,10,30,30,Gumbel,default,ALL,False,2,,,,9235.86328,,,,stan,22470,Treedepth satisfactory for all transitions. No divergent transitions found. E-BFMI satisfactory. Rank-normalized split effective sample size satisfactory for all parameters. Rank-normalized split R-hat values satisfactory for all parameters.,satisfactory,0.00000,satisfactory,satisfactory,satisfactory,satisfactory,1,556.57000,95.40752,6.71956,0.14334,-0.34411,0.07419,0.84258,399.13955,711.69020,312.55065,,-0.03169,6.48245,6.95457,0.47212,,-0.01063,-0.46948,-0.22945,0.24003,,-0.29970,-28.22000,7.68890,0.11600,0.12050,-5.08000,2370.79015,2198.84240,1810.18077,2658.78962,848.60886,2191.71366,257.77378,0.48626,-34.07000,8.12460,0.12640,0.20110,-10.98000,3643.63321,3403.66642,2771.10170,4184.70104,1413.59934,3397.12709,437.56340,0.60823,-40.79000,8.48690,0.14320,0.29360,-17.25000,5160.03338,4901.71785,3890.39140,6201.60819,2311.21679,4895.52586,721.53035,0.77944,-49.04000,8.90870,0.17450,0.40040,-23.50000,7667.51426,7512.60603,5661.05873,9998.14368,4337.08495,7513.99488,1371.56510,1.04512,-51.74000,9.05340,0.18820,0.43030,-25.15000,8766.17289,8704.59383,6427.36416,11832.12967,5404.76551,8715.58228,1726.76547,1.14773,-54.39000,9.20250,0.20370,0.45640,-26.54000,10053.94792,10136.40847,7291.17458,14114.89608,6823.72149,10165.66043,2196.06535,1.25887,-57.20000,9.36750,0.22270,0.47970,-27.75000,11690.07396,12006.78597,8372.37439,17261.57446,8889.20008,12072.21799,2872.50587,1.38883,-59.08000,9.48220,0.23680,0.49280,-28.43000,12974.41725,13513.30921,9191.77339,19877.64615,10685.87277,13618.66951,3464.70169,1.48402,-61.61000,9.64120,0.25760,0.50700,-29.18000,14978.86982,15928.51598,10465.84783,24163.09160,13697.24377,16118.56743,4493.49753,1.62352,-64.62000,9.83750,0.28500,0.51950,-29.84000,17869.13089,19540.98116,12247.95175,30811.07821,18563.12646,19905.38421,6194.72110,1.81037,-66.52000,9.96480,0.30380,0.52500,-30.15000,20024.51034,22329.34376,13522.73585,36235.52640,22712.79056,22866.60730,7626.07807,1.94162,-68.47000,10.09840,0.32430,0.52910,-30.38000,22554.96503,25700.50515,14982.85848,42928.38130,27945.52282,26489.67162,9479.47483,2.08906,9235.86328,2021.00000,9235.86328,2021.00000,0.00000,1.00000,1237.76100,405.08000,995.20500,486.75700,259.32800,,926.83300,235.48100,268.34200,1778.14800,-15.48000,6.77560,0.12760,-0.17860,-11.23000,910.93982,883.35004,708.46701,1072.72662,364.25961,879.35776,112.05342,0.25936,3207.51400,630.77300,140.93500,160.77400,784.37200,1432.37900,775.97600,694.45400,978.31800,1921.30400,464.74100,991.94700,1115.66200,910.22400,387.47300,7350.60700,,-12.72000,5.88870,0.30020,-1.92780,-63.07000,321.90787,374.99709,211.70980,523.55221,311.84241,377.36487,95.20417,-0.24824,-4.80000,6.33580,0.17500,-0.70430,-36.97000,553.04416,572.82532,415.84593,729.43496,313.58904,572.33845,95.78886,-0.01266,-9.97000,6.59470,0.14130,-0.35200,-21.61000,744.59882,738.40196,575.14056,910.81952,335.67895,735.84915,102.57342,0.15651,514.57100,1490.29100,1636.57700,4003.73000,2738.92600,1013.12400,231.87500,313.35400,2060.18900,2550.22500,1052.63400,12.36000,387.95500,445.40000,6365.83300,7504.30000,879.26100,8651.07600,225.58700,1086.37800,1092.01900,741.36200,301.83100,7204.62200,1381.03800,3383.70800,1234.07300,2744.12000,9235.86300,521.26800,764.52200,1548.83800,201.76700,2256.94500,318.92600,1428.49900,132.86900,1350.71100,45.53600,191.43400,1088.93300,3189.92400,611.16800,42.88400,1996.91700,2799.11900,313.35400,5069.57000,2883.51100,429.61400,7097.60700,291.75000,3352.81600,2208.27200,343.12700,763.90400,283.05400,762.20700,1790.46900,133.65800,,2199.62100,-29.82000,4.74120,0.84830,-2.09640,-67.39000,12.57807,113.71502,-78.94789,278.59744,357.54533,118.49602,108.77333,-0.46126,1145.26400,449.11900,340.98000,,,,,,,,,,,,,,2477.80700,766.83900,5548.58000,2265.90400,1067.21700,,3770.36700,8.27957,1.49079,2.56650,0.13020,-0.11900,0.06166,0.84377,0.02041,5.76827,10.65178,4.88351,,-0.13339,2.35042,2.78267,0.43225,,0.00299,-0.22451,-0.02335,0.20116,,-0.29465,0.87083,-2.35441,3.57777,5.93219,0.93745,1.82810,-0.50754,5.35833,2.65761,7.72606,5.06845,5.39963,1.54477,-0.32250,8.53403,6.04026,10.91350,4.87324,8.54072,1.49093,-0.11638,11.06495,8.59256,13.60217,5.00962,11.04717,1.53045,0.03988,13.19542,10.63617,15.90957,5.27340,13.16157,1.60995,0.14114,29.80559,25.40491,34.81676,9.41185,29.78034,2.86805,0.36076,42.11529,36.01962,49.34858,13.32895,42.16680,4.09460,0.43267,55.04501,46.64999,65.11053,18.46054,55.19273,5.68255,0.54135,73.63153,61.16514,89.41900,28.25386,73.98525,8.71430,0.72641,80.97758,66.61770,99.61025,32.99255,81.46152,10.18748,0.79817,89.11019,72.46347,111.24805,38.78457,89.78925,12.00511,0.87372,98.82025,79.22982,125.77361,46.54379,99.82192,14.43056,0.95800,106.03039,83.98290,136.58670,52.60380,107.34798,16.40835,1.01665,116.67601,90.79086,153.20153,62.41066,118.60027,19.59734,1.09796,130.95335,99.53969,176.22600,76.68631,133.99532,24.36165,1.19910,140.92505,105.28994,193.46027,88.17032,144.98118,28.00880,1.26560,152.02343,111.38670,212.73308,101.34639,157.45646,32.36630,1.33654,0.44476,0.51575,0.72123,0.38996,0.39116,0.39706,0.06589,0.44476,0.51575,0.72123,0.38996,0.39116,0.39706,0.06589,-0.00091,0.00782,0.05430,-36.29763,-62.67789,-83.61585,-1993.82053,-0.01989,0.09537,0.62758,-0.20882,-0.19077,-0.11726,-1.62448,0.42196,0.46005,0.79472,0.73013,0.53955,0.36796,0.11329,0.42196,0.46005,0.79472,0.73013,0.53955,0.36796,0.11329,-0.00432,-0.00276,0.04841,1.52832,0.65715,-1.67704,-11.60144,-0.13911,-0.04294,0.81613,0.61424,0.17058,-0.25886,-1.22785,0.65823,0.37676,0.85081,0.43956,0.70963,0.94981,0.65823,0.37426,0.80502,0.16901,0.34683,0.89232,0.00786,-0.01523,0.84020,-0.70510,-0.16650,0.36520,0.35241,-0.38694,0.63786,-0.66305,-0.23314,0.63110,8.81800,13.15500,7.29900,22.63600,1.27800,9.63900,11.72800,6.34800,9.70700,19.13800,22.06500,4.24700,4.31500,19.23900,3.26200,37.55800,41.46800,26.73700,13.76600,48.39900,1.85700,2.19800,20.77200,9.61100,9.04600,32.32300,18.28600,8.47000,7.44900,14.37500,10.68700,4.85900,19.70500,3.48300,23.47800,37.79500,35.93900,24.49600,43.22500,38.99000,4.93300,33.78600,23.89400,69.97600,43.52200,11.05100,29.56200,21.90100,16.56400,4.34700,6.87300,30.42900,10.79000,0.62600,8.78000,20.40400,62.03300,1.02200,17.50800,33.10000,40.00500,10.76500,69.97100,4.57300,20.02000,1.03900,4.68300,7.73200,2.06000,4.68200,17.31200,35.54300,5.00800,6.07600,5.13100,1.69800,16.96700,59.82200,10.42900,2.03500,70.17000,2.90600,6.72700,13.27300,15.19300,6.26500,1.65000,76.47900,8.18200,9.81300,1.01900,12.48200,18.94400,2.44400,3.17500,0.54800,10.49400,19.31700,29.32100,67.70500,25.15400,56.18300,10.03400,35.27300,3.85500,9.13800,11.81700,3.80600,9.97000,3.82600,89.46800,6.55700,8.12500,,,,,,,,527.38700,687.29100,466.55500,1055.81200,71.93700,324.24600,889.42700,298.33700,548.53700,1080.45500,1350.93300,186.13200,188.44300,1396.33600
