# --------------------------------------------------
# nrow : 1
# ncol : 752
# comment : Results for station 138001, nocov-ref.
# time_generated : 2025-10-01 15:20:18
# author : ler015
# source_file : C:\Users\ler015\Code\covariate_paper\scripts\manuscript\M040_FIGE_freq_plots_one_site.py
# work_dir : C:\Users\ler015\Code\pycoffi
# python_environment nt
# python_version : 3.10.6 | packaged by conda-forge | (main, Aug 22 2022, 20:29:51) [MSC v.1929 64 bit (AMD64)]
# pandas_version : 2.2.1
# numpy_version : 1.26.4
# python_inc : C:\Users\ler015\Anaconda3\envs\env_nriv_v8\include
# python_lib : C:\Users\ler015\Anaconda3\envs\env_nriv_v8\Lib\site-packages
# --------------------------------------------------
taskid,stationid,variable,xvperid,nvalid,obs_type,fit_version,data_version,marginal_name,covariate,xv_length,cens_prob_thresh_obs,cens_prob_thresh_cov,copula_name,prior,timeperiod,clip_to_obs,batch,xvperstat_obs_rk2,xvperstat_obs_rk1,xvperstat_obs_rk1_rk2_logratio,xvperstat_obs_max,xvperstat_obs_std,xvperstat_obs_logstd,xvperstat_obs_max_rk1_logratio,sampler_name,stan_seed,stan_diag_message,stan_diag_treedepth,stan_diag_divergence_proportion,stan_diag_divergence,stan_diag_ebfmi,stan_diag_effsamplesz,stan_diag_rhat,sampler_success,param_ylocn_mean,param_ylocn_std,param_ylogscale_mean,param_ylogscale_std,param_yshape1_mean,param_yshape1_std,kendalltau_obs_vs_covariate,param_ylocn_q5,param_ylocn_q95,param_ylocn_ci90,param_ylocn_postpred,param_ylocn_skew,param_ylogscale_q5,param_ylogscale_q95,param_ylogscale_ci90,param_ylogscale_postpred,param_ylogscale_skew,param_yshape1_q5,param_yshape1_q95,param_yshape1_ci90,param_yshape1_postpred,param_yshape1_skew,obs_ari5_shapiropvallog10,obs_ari5_meanlog,obs_ari5_stdlog,obs_ari5_skewlog,obs_ari5_shapirologpvallog10,obs_ari5_lhmom,obs_ari5_mean,obs_ari5_q5,obs_ari5_q95,obs_ari5_ci90,obs_ari5_postpred,obs_ari5_std,obs_ari5_skew,obs_ari10_shapiropvallog10,obs_ari10_meanlog,obs_ari10_stdlog,obs_ari10_skewlog,obs_ari10_shapirologpvallog10,obs_ari10_lhmom,obs_ari10_mean,obs_ari10_q5,obs_ari10_q95,obs_ari10_ci90,obs_ari10_postpred,obs_ari10_std,obs_ari10_skew,obs_ari20_shapiropvallog10,obs_ari20_meanlog,obs_ari20_stdlog,obs_ari20_skewlog,obs_ari20_shapirologpvallog10,obs_ari20_lhmom,obs_ari20_mean,obs_ari20_q5,obs_ari20_q95,obs_ari20_ci90,obs_ari20_postpred,obs_ari20_std,obs_ari20_skew,obs_ari50_shapiropvallog10,obs_ari50_meanlog,obs_ari50_stdlog,obs_ari50_skewlog,obs_ari50_shapirologpvallog10,obs_ari50_lhmom,obs_ari50_mean,obs_ari50_q5,obs_ari50_q95,obs_ari50_ci90,obs_ari50_postpred,obs_ari50_std,obs_ari50_skew,obs_ari70_shapiropvallog10,obs_ari70_meanlog,obs_ari70_stdlog,obs_ari70_skewlog,obs_ari70_shapirologpvallog10,obs_ari70_lhmom,obs_ari70_mean,obs_ari70_q5,obs_ari70_q95,obs_ari70_ci90,obs_ari70_postpred,obs_ari70_std,obs_ari70_skew,obs_ari100_shapiropvallog10,obs_ari100_meanlog,obs_ari100_stdlog,obs_ari100_skewlog,obs_ari100_shapirologpvallog10,obs_ari100_lhmom,obs_ari100_mean,obs_ari100_q5,obs_ari100_q95,obs_ari100_ci90,obs_ari100_postpred,obs_ari100_std,obs_ari100_skew,obs_ari150_shapiropvallog10,obs_ari150_meanlog,obs_ari150_stdlog,obs_ari150_skewlog,obs_ari150_shapirologpvallog10,obs_ari150_lhmom,obs_ari150_mean,obs_ari150_q5,obs_ari150_q95,obs_ari150_ci90,obs_ari150_postpred,obs_ari150_std,obs_ari150_skew,obs_ari200_shapiropvallog10,obs_ari200_meanlog,obs_ari200_stdlog,obs_ari200_skewlog,obs_ari200_shapirologpvallog10,obs_ari200_lhmom,obs_ari200_mean,obs_ari200_q5,obs_ari200_q95,obs_ari200_ci90,obs_ari200_postpred,obs_ari200_std,obs_ari200_skew,obs_ari300_shapiropvallog10,obs_ari300_meanlog,obs_ari300_stdlog,obs_ari300_skewlog,obs_ari300_shapirologpvallog10,obs_ari300_lhmom,obs_ari300_mean,obs_ari300_q5,obs_ari300_q95,obs_ari300_ci90,obs_ari300_postpred,obs_ari300_std,obs_ari300_skew,obs_ari500_shapiropvallog10,obs_ari500_meanlog,obs_ari500_stdlog,obs_ari500_skewlog,obs_ari500_shapirologpvallog10,obs_ari500_lhmom,obs_ari500_mean,obs_ari500_q5,obs_ari500_q95,obs_ari500_ci90,obs_ari500_postpred,obs_ari500_std,obs_ari500_skew,obs_ari700_shapiropvallog10,obs_ari700_meanlog,obs_ari700_stdlog,obs_ari700_skewlog,obs_ari700_shapirologpvallog10,obs_ari700_lhmom,obs_ari700_mean,obs_ari700_q5,obs_ari700_q95,obs_ari700_ci90,obs_ari700_postpred,obs_ari700_std,obs_ari700_skew,obs_ari1000_shapiropvallog10,obs_ari1000_meanlog,obs_ari1000_stdlog,obs_ari1000_skewlog,obs_ari1000_shapirologpvallog10,obs_ari1000_lhmom,obs_ari1000_mean,obs_ari1000_q5,obs_ari1000_q95,obs_ari1000_ci90,obs_ari1000_postpred,obs_ari1000_std,obs_ari1000_skew,obs_xvmax_value,obs_xvmax_year,obs_datamax_value,obs_datamax_year,obs_datamax_xvmaxlogdiff,obs_datamax_isinxv,obs_1937_value,obs_1983_value,obs_2003_value,obs_2019_value,obs_2020_value,obs_1932_value,obs_1941_value,obs_1942_value,obs_1944_value,obs_2009_value,obs_ari2_shapiropvallog10,obs_ari2_meanlog,obs_ari2_stdlog,obs_ari2_skewlog,obs_ari2_shapirologpvallog10,obs_ari2_lhmom,obs_ari2_mean,obs_ari2_q5,obs_ari2_q95,obs_ari2_ci90,obs_ari2_postpred,obs_ari2_std,obs_ari2_skew,obs_1950_value,obs_1972_value,obs_1976_value,obs_1986_value,obs_1989_value,obs_1933_value,obs_2022_value,obs_1965_value,obs_2016_value,obs_1953_value,obs_1961_value,obs_1981_value,obs_1987_value,obs_2013_value,obs_1934_value,obs_1973_value,obs_1979_value,obs_ari1_4_shapiropvallog10,obs_ari1_4_meanlog,obs_ari1_4_stdlog,obs_ari1_4_skewlog,obs_ari1_4_shapirologpvallog10,obs_ari1_4_lhmom,obs_ari1_4_mean,obs_ari1_4_q5,obs_ari1_4_q95,obs_ari1_4_ci90,obs_ari1_4_postpred,obs_ari1_4_std,obs_ari1_4_skew,obs_ari1_6_shapiropvallog10,obs_ari1_6_meanlog,obs_ari1_6_stdlog,obs_ari1_6_skewlog,obs_ari1_6_shapirologpvallog10,obs_ari1_6_lhmom,obs_ari1_6_mean,obs_ari1_6_q5,obs_ari1_6_q95,obs_ari1_6_ci90,obs_ari1_6_postpred,obs_ari1_6_std,obs_ari1_6_skew,obs_ari1_8_shapiropvallog10,obs_ari1_8_meanlog,obs_ari1_8_stdlog,obs_ari1_8_skewlog,obs_ari1_8_shapirologpvallog10,obs_ari1_8_lhmom,obs_ari1_8_mean,obs_ari1_8_q5,obs_ari1_8_q95,obs_ari1_8_ci90,obs_ari1_8_postpred,obs_ari1_8_std,obs_ari1_8_skew,obs_1939_value,obs_1945_value,obs_1948_value,obs_1955_value,obs_1926_value,obs_1929_value,obs_2001_value,obs_2005_value,obs_1947_value,obs_1957_value,obs_2000_value,obs_2006_value,obs_1960_value,obs_2004_value,obs_2010_value,obs_2012_value,obs_1969_value,obs_1954_value,obs_1990_value,obs_1995_value,obs_2008_value,obs_1963_value,obs_1993_value,obs_1998_value,obs_1959_value,obs_1971_value,obs_2007_value,obs_2014_value,obs_2021_value,obs_1938_value,obs_1996_value,obs_1928_value,obs_1951_value,obs_1970_value,obs_2018_value,obs_1956_value,obs_1992_value,obs_1958_value,obs_1968_value,obs_1925_value,obs_1940_value,obs_1949_value,obs_1974_value,obs_1964_value,obs_2011_value,obs_1936_value,obs_1984_value,obs_1988_value,obs_1946_value,obs_1935_value,obs_1991_value,obs_1977_value,obs_1930_value,obs_1952_value,obs_1997_value,obs_1999_value,obs_1978_value,obs_2002_value,obs_1966_value,obs_1931_value,obs_1980_value,obs_1975_value,obs_ari1_2_shapiropvallog10,obs_ari1_2_meanlog,obs_ari1_2_stdlog,obs_ari1_2_skewlog,obs_ari1_2_shapirologpvallog10,obs_ari1_2_lhmom,obs_ari1_2_mean,obs_ari1_2_q5,obs_ari1_2_q95,obs_ari1_2_ci90,obs_ari1_2_postpred,obs_ari1_2_std,obs_ari1_2_skew,obs_1994_value,obs_1985_value,obs_2015_value,obs_ari1_1_shapiropvallog10,obs_ari1_1_meanlog,obs_ari1_1_stdlog,obs_ari1_1_skewlog,obs_ari1_1_shapirologpvallog10,obs_ari1_1_lhmom,obs_ari1_1_mean,obs_ari1_1_q5,obs_ari1_1_q95,obs_ari1_1_ci90,obs_ari1_1_postpred,obs_ari1_1_std,obs_ari1_1_skew,obs_1982_value,obs_2017_value,obs_1967_value,obs_1962_value,obs_1943_value,obs_2023_value,obs_1927_value,param_zlocn_mean,param_zlocn_std,param_zlogscale_mean,param_zlogscale_std,param_zshape1_mean,param_zshape1_std,param_rho_mean,param_rho_std,param_zlocn_q5,param_zlocn_q95,param_zlocn_ci90,param_zlocn_postpred,param_zlocn_skew,param_zlogscale_q5,param_zlogscale_q95,param_zlogscale_ci90,param_zlogscale_postpred,param_zlogscale_skew,param_zshape1_q5,param_zshape1_q95,param_zshape1_ci90,param_zshape1_postpred,param_zshape1_skew,cov_ari1_2_mean,cov_ari1_2_q5,cov_ari1_2_q95,cov_ari1_2_ci90,cov_ari1_2_postpred,cov_ari1_2_std,cov_ari1_2_skew,cov_ari1_4_mean,cov_ari1_4_q5,cov_ari1_4_q95,cov_ari1_4_ci90,cov_ari1_4_postpred,cov_ari1_4_std,cov_ari1_4_skew,cov_ari1_6_mean,cov_ari1_6_q5,cov_ari1_6_q95,cov_ari1_6_ci90,cov_ari1_6_postpred,cov_ari1_6_std,cov_ari1_6_skew,cov_ari1_8_mean,cov_ari1_8_q5,cov_ari1_8_q95,cov_ari1_8_ci90,cov_ari1_8_postpred,cov_ari1_8_std,cov_ari1_8_skew,cov_ari2_mean,cov_ari2_q5,cov_ari2_q95,cov_ari2_ci90,cov_ari2_postpred,cov_ari2_std,cov_ari2_skew,cov_ari5_mean,cov_ari5_q5,cov_ari5_q95,cov_ari5_ci90,cov_ari5_postpred,cov_ari5_std,cov_ari5_skew,cov_ari10_mean,cov_ari10_q5,cov_ari10_q95,cov_ari10_ci90,cov_ari10_postpred,cov_ari10_std,cov_ari10_skew,cov_ari20_mean,cov_ari20_q5,cov_ari20_q95,cov_ari20_ci90,cov_ari20_postpred,cov_ari20_std,cov_ari20_skew,cov_ari50_mean,cov_ari50_q5,cov_ari50_q95,cov_ari50_ci90,cov_ari50_postpred,cov_ari50_std,cov_ari50_skew,cov_ari70_mean,cov_ari70_q5,cov_ari70_q95,cov_ari70_ci90,cov_ari70_postpred,cov_ari70_std,cov_ari70_skew,cov_ari100_mean,cov_ari100_q5,cov_ari100_q95,cov_ari100_ci90,cov_ari100_postpred,cov_ari100_std,cov_ari100_skew,cov_ari150_mean,cov_ari150_q5,cov_ari150_q95,cov_ari150_ci90,cov_ari150_postpred,cov_ari150_std,cov_ari150_skew,cov_ari200_mean,cov_ari200_q5,cov_ari200_q95,cov_ari200_ci90,cov_ari200_postpred,cov_ari200_std,cov_ari200_skew,cov_ari300_mean,cov_ari300_q5,cov_ari300_q95,cov_ari300_ci90,cov_ari300_postpred,cov_ari300_std,cov_ari300_skew,cov_ari500_mean,cov_ari500_q5,cov_ari500_q95,cov_ari500_ci90,cov_ari500_postpred,cov_ari500_std,cov_ari500_skew,cov_ari700_mean,cov_ari700_q5,cov_ari700_q95,cov_ari700_ci90,cov_ari700_postpred,cov_ari700_std,cov_ari700_skew,cov_ari1000_mean,cov_ari1000_q5,cov_ari1000_q95,cov_ari1000_ci90,cov_ari1000_postpred,cov_ari1000_std,cov_ari1000_skew,postpredcheck_obs_pvalue_lcoeffvar2,postpredcheck_obs_pvalue_lskewness2,postpredcheck_obs_pvalue_lkurtosis2,postpredcheck_obs_pvalue_percentile_q50,postpredcheck_obs_pvalue_percentile_q75,postpredcheck_obs_pvalue_percentile_q90,postpredcheck_obs_pvalue_percentile_q95,postpredcheck_obs_pvaluediscr_lcoeffvar2,postpredcheck_obs_pvaluediscr_lskewness2,postpredcheck_obs_pvaluediscr_lkurtosis2,postpredcheck_obs_pvaluediscr_percentile_q50,postpredcheck_obs_pvaluediscr_percentile_q75,postpredcheck_obs_pvaluediscr_percentile_q90,postpredcheck_obs_pvaluediscr_percentile_q95,postpredcheck_obs_simdiff_lcoeffvar2,postpredcheck_obs_simdiff_lskewness2,postpredcheck_obs_simdiff_lkurtosis2,postpredcheck_obs_simdiff_percentile_q50,postpredcheck_obs_simdiff_percentile_q75,postpredcheck_obs_simdiff_percentile_q90,postpredcheck_obs_simdiff_percentile_q95,postpredcheck_obs_zscore_lcoeffvar2,postpredcheck_obs_zscore_lskewness2,postpredcheck_obs_zscore_lkurtosis2,postpredcheck_obs_zscore_percentile_q50,postpredcheck_obs_zscore_percentile_q75,postpredcheck_obs_zscore_percentile_q90,postpredcheck_obs_zscore_percentile_q95,postpredcheck_cov_pvalue_lcoeffvar2,postpredcheck_cov_pvalue_lskewness2,postpredcheck_cov_pvalue_lkurtosis2,postpredcheck_cov_pvalue_percentile_q50,postpredcheck_cov_pvalue_percentile_q75,postpredcheck_cov_pvalue_percentile_q90,postpredcheck_cov_pvalue_percentile_q95,postpredcheck_cov_pvaluediscr_lcoeffvar2,postpredcheck_cov_pvaluediscr_lskewness2,postpredcheck_cov_pvaluediscr_lkurtosis2,postpredcheck_cov_pvaluediscr_percentile_q50,postpredcheck_cov_pvaluediscr_percentile_q75,postpredcheck_cov_pvaluediscr_percentile_q90,postpredcheck_cov_pvaluediscr_percentile_q95,postpredcheck_cov_simdiff_lcoeffvar2,postpredcheck_cov_simdiff_lskewness2,postpredcheck_cov_simdiff_lkurtosis2,postpredcheck_cov_simdiff_percentile_q50,postpredcheck_cov_simdiff_percentile_q75,postpredcheck_cov_simdiff_percentile_q90,postpredcheck_cov_simdiff_percentile_q95,postpredcheck_cov_zscore_lcoeffvar2,postpredcheck_cov_zscore_lskewness2,postpredcheck_cov_zscore_lkurtosis2,postpredcheck_cov_zscore_percentile_q50,postpredcheck_cov_zscore_percentile_q75,postpredcheck_cov_zscore_percentile_q90,postpredcheck_cov_zscore_percentile_q95,postpredcheck_dep_pvalue_kendalltau,postpredcheck_dep_pvalue_kendalltauhigh,postpredcheck_dep_pvalue_tailcoeff_q50,postpredcheck_dep_pvalue_tailcoeff_q75,postpredcheck_dep_pvalue_tailcoeff_q90,postpredcheck_dep_pvalue_tailcoeff_q95,postpredcheck_dep_pvaluediscr_kendalltau,postpredcheck_dep_pvaluediscr_kendalltauhigh,postpredcheck_dep_pvaluediscr_tailcoeff_q50,postpredcheck_dep_pvaluediscr_tailcoeff_q75,postpredcheck_dep_pvaluediscr_tailcoeff_q90,postpredcheck_dep_pvaluediscr_tailcoeff_q95,postpredcheck_dep_simdiff_kendalltau,postpredcheck_dep_simdiff_kendalltauhigh,postpredcheck_dep_simdiff_tailcoeff_q50,postpredcheck_dep_simdiff_tailcoeff_q75,postpredcheck_dep_simdiff_tailcoeff_q90,postpredcheck_dep_simdiff_tailcoeff_q95,postpredcheck_dep_zscore_kendalltau,postpredcheck_dep_zscore_kendalltauhigh,postpredcheck_dep_zscore_tailcoeff_q50,postpredcheck_dep_zscore_tailcoeff_q75,postpredcheck_dep_zscore_tailcoeff_q90,postpredcheck_dep_zscore_tailcoeff_q95,cov_1911_value,cov_1912_value,cov_1913_value,cov_1914_value,cov_1915_value,cov_1916_value,cov_1917_value,cov_1918_value,cov_1919_value,cov_1920_value,cov_1921_value,cov_1922_value,cov_1923_value,cov_1924_value,cov_1925_value,cov_1926_value,cov_1927_value,cov_1928_value,cov_1929_value,cov_1930_value,cov_1931_value,cov_1932_value,cov_1933_value,cov_1934_value,cov_1935_value,cov_1936_value,cov_1937_value,cov_1938_value,cov_1939_value,cov_1940_value,cov_1941_value,cov_1942_value,cov_1943_value,cov_1944_value,cov_1945_value,cov_1946_value,cov_1947_value,cov_1948_value,cov_1949_value,cov_1950_value,cov_1951_value,cov_1952_value,cov_1953_value,cov_1954_value,cov_1955_value,cov_1956_value,cov_1957_value,cov_1958_value,cov_1959_value,cov_1960_value,cov_1961_value,cov_1962_value,cov_1963_value,cov_1964_value,cov_1965_value,cov_1966_value,cov_1967_value,cov_1968_value,cov_1969_value,cov_1970_value,cov_1971_value,cov_1972_value,cov_1973_value,cov_1974_value,cov_1975_value,cov_1976_value,cov_1977_value,cov_1978_value,cov_1979_value,cov_1980_value,cov_1981_value,cov_1982_value,cov_1983_value,cov_1984_value,cov_1985_value,cov_1986_value,cov_1987_value,cov_1988_value,cov_1989_value,cov_1990_value,cov_1991_value,cov_1992_value,cov_1993_value,cov_1994_value,cov_1995_value,cov_1996_value,cov_1997_value,cov_1998_value,cov_1999_value,cov_2000_value,cov_2001_value,cov_2002_value,cov_2003_value,cov_2004_value,cov_2005_value,cov_2006_value,cov_2007_value,cov_2008_value,cov_2009_value,cov_2010_value,cov_2011_value,cov_2012_value,cov_2013_value,cov_2014_value,cov_2015_value,cov_2016_value,cov_2017_value,cov_2018_value,cov_2019_value,cov_2020_value,cov_2021_value,cov_2022_value,cov_2023_value,cov_ari1_1_mean,cov_ari1_1_q5,cov_ari1_1_q95,cov_ari1_1_ci90,cov_ari1_1_postpred,cov_ari1_1_std,cov_ari1_1_skew,obs_1911_value,obs_1912_value,obs_1913_value,obs_1914_value,obs_1915_value,obs_1916_value,obs_1917_value,obs_1918_value,obs_1919_value,obs_1920_value,obs_1921_value,obs_1922_value,obs_1923_value,obs_1924_value
42,138001,STREAMFLOW_DAILYMAX_9AM,XVP_ALL,109,obs,7.30000,5.00000,GEV,NONE,10,30,30,Gumbel,default,ALL,False,2,,,,9235.86328,,,,stan,40987,Treedepth satisfactory for all transitions. No divergent transitions found. E-BFMI satisfactory. Rank-normalized split effective sample size satisfactory for all parameters. Rank-normalized split R-hat values satisfactory for all parameters.,satisfactory,0.00000,satisfactory,satisfactory,satisfactory,satisfactory,1,582.04695,109.98669,6.81918,0.17067,-0.30189,0.10389,0.84258,400.21860,758.09955,357.88095,,-0.16860,6.54190,7.10026,0.55835,,-0.05147,-0.48209,-0.14040,0.34169,,-0.30370,-24.25000,7.74960,0.11800,0.03810,-0.70000,2370.79015,2336.95355,1916.11439,2827.97078,911.85639,2331.79965,277.44114,0.41603,-32.60000,8.17160,0.12500,0.17270,-8.68000,3643.63321,3567.01627,2903.51759,4367.95809,1464.44049,3561.18999,452.61832,0.58169,-43.33000,8.51770,0.14400,0.35590,-20.92000,5160.03338,5055.65568,4013.40094,6426.53342,2413.13248,5039.27313,751.45196,0.85259,-54.55000,8.91560,0.18550,0.53980,-31.22000,7667.51426,7581.26165,5657.56317,10363.56295,4705.99978,7544.66592,1495.74902,1.22848,-57.71000,9.05100,0.20440,0.58110,-33.33000,8766.17289,8714.45865,6315.92305,12310.19291,5994.26986,8676.32665,1917.38467,1.35927,-60.68000,9.18990,0.22610,0.61280,-34.92000,10053.94792,10063.78235,7050.93024,14739.96065,7689.03042,10034.33347,2481.95135,1.49650,-63.73000,9.34310,0.25250,0.63730,-36.13000,11690.07396,11811.03973,7950.49021,18079.56313,10129.07292,11813.29117,3304.83822,1.65460,-65.73000,9.44930,0.27220,0.64910,-36.71000,12974.41725,13208.41380,8600.75268,20805.17811,12204.42543,13254.39739,4031.08547,1.77035,-68.39000,9.59580,0.30110,0.66020,-37.25000,14978.86982,15434.34399,9556.39709,25371.80468,15815.40758,15585.55855,5301.79503,1.94141,-71.54000,9.77620,0.33920,0.66760,-37.63000,17869.13089,18739.63285,10873.07148,32601.84025,21728.76877,19128.77537,7421.42440,2.17473,-73.52000,9.89280,0.36520,0.66970,-37.76000,20024.51034,21276.99555,11778.02162,38375.78131,26597.75970,21913.80146,9218.68690,2.34201,-75.56000,10.01480,0.39340,0.67030,-37.82000,22554.96503,24333.62117,12757.99177,45615.40533,32857.41356,25340.76085,11561.56762,2.53337,9235.86328,2021.00000,9235.86328,2021.00000,0.00000,1.00000,1237.76100,405.08000,995.20500,486.75700,259.32800,,926.83300,235.48100,268.34200,1778.14800,-14.37000,6.83810,0.13640,-0.24630,-15.58000,910.93982,941.33131,743.77528,1153.16968,409.39440,936.17695,127.10968,0.22702,3207.51400,630.77300,140.93500,160.77400,784.37200,1432.37900,775.97600,694.45400,978.31800,1921.30400,464.74100,991.94700,1115.66200,910.22400,387.47300,7350.60700,,-21.45000,5.88230,0.40230,-3.24850,-76.59000,321.90787,379.48685,180.06711,551.43447,371.36737,385.28167,114.28177,-0.47166,-11.20000,6.37870,0.19760,-1.00880,-46.80000,553.04416,600.07301,418.14756,777.17461,359.02705,600.36205,110.18004,-0.14089,-9.11000,6.65140,0.15280,-0.46770,-27.73000,744.59882,782.74398,596.89941,975.93275,379.03334,779.62462,116.55237,0.09839,514.57100,1490.29100,1636.57700,4003.73000,2738.92600,1013.12400,231.87500,313.35400,2060.18900,2550.22500,1052.63400,12.36000,387.95500,445.40000,6365.83300,7504.30000,879.26100,8651.07600,225.58700,1086.37800,1092.01900,741.36200,301.83100,7204.62200,1381.03800,3383.70800,1234.07300,2744.12000,9235.86300,521.26800,764.52200,1548.83800,201.76700,2256.94500,318.92600,1428.49900,132.86900,1350.71100,45.53600,191.43400,1088.93300,3189.92400,611.16800,42.88400,1996.91700,2799.11900,313.35400,5069.57000,2883.51100,429.61400,7097.60700,291.75000,3352.81600,2208.27200,343.12700,763.90400,283.05400,762.20700,1790.46900,133.65800,,2199.62100,,,,,,,,,,,,,,1145.26400,449.11900,340.98000,,,,,,,,,,,,,,2477.80700,766.83900,5548.58000,2265.90400,1067.21700,,3770.36700,,,,,,,,,,,,,,,,,,,,,,,,,,,,,,,,,,,,,,,,,,,,,,,,,,,,,,,,,,,,,,,,,,,,,,,,,,,,,,,,,,,,,,,,,,,,,,,,,,,,,,,,,,,,,,,,,,,,,,,,,,,,,,,,,,,,,,,,,,,,,,,0.37056,0.41076,0.64194,0.52725,0.53315,0.48895,0.07439,0.37056,0.41076,0.64194,0.52725,0.53315,0.48895,0.07439,-0.00907,-0.01212,0.03871,20.47339,55.02247,62.73870,-1859.11577,-0.19549,-0.14067,0.44633,0.10667,0.15782,0.08858,-1.52608,,,,,,,,,,,,,,,,,,,,,,,,,,,,,,,,,,,,,,,,,,,,,,,,,,,,,,,,,,,,,,,,,,,,,,,,,,,,,,,,,,,,,,,,,,,,,,,,,,,,,,,,,,,,,,,,,,,,,,,,,,,,,,,,,,,,,,,,,,,,,,,,,,,,,,,,,,,,,,,,,,,,,,,,,,,,,527.38700,687.29100,466.55500,1055.81200,71.93700,324.24600,889.42700,298.33700,548.53700,1080.45500,1350.93300,186.13200,188.44300,1396.33600
